{"mean":{"confidence_interval":{"confidence_level":0.95,"lower_bound":78531.48859660802,"upper_bound":79092.46207140587},"point_estimate":78798.84489001782,"standard_error":142.57136857183042},"median":{"confidence_interval":{"confidence_level":0.95,"lower_bound":78227.31608781498,"upper_bound":79015.8717948718},"point_estimate":78656.25905308142,"standard_error":164.95371789129513},"median_abs_dev":{"confidence_interval":{"confidence_level":0.95,"lower_bound":964.4784397911328,"upper_bound":1425.8840232158286},"point_estimate":1243.5367545444558,"standard_error":115.55319519070734},"slope":{"confidence_interval":{"confidence_level":0.95,"lower_bound":78202.58645408945,"upper_bound":78541.90086822421},"point_estimate":78365.69672005548,"standard_error":86.09771172612486},"std_dev":{"confidence_interval":{"confidence_level":0.95,"lower_bound":1045.3001016273495,"upper_bound":1801.9487793936312},"point_estimate":1435.4785402663672,"standard_error":193.9169106990728}}