{"mean":{"confidence_interval":{"confidence_level":0.95,"lower_bound":-0.01457566873065433,"upper_bound":-0.009963354915207032},"point_estimate":-0.012251448380821706,"standard_error":0.0011758813615427744},"median":{"confidence_interval":{"confidence_level":0.95,"lower_bound":-0.016819659188708966,"upper_bound":-0.012576075064496206},"point_estimate":-0.01447796734566309,"standard_error":0.0010686600009143588}}