{"mean":{"confidence_interval":{"confidence_level":0.95,"lower_bound":-0.008385360115725563,"upper_bound":0.0014082499757959077},"point_estimate":-0.003500519492529164,"standard_error":0.0025114090828174717},"median":{"confidence_interval":{"confidence_level":0.95,"lower_bound":-0.011305467985941897,"upper_bound":-0.0013489403555656532},"point_estimate":-0.005732163075603758,"standard_error":0.0021181631820922347}}