{"mean":{"confidence_interval":{"confidence_level":0.95,"lower_bound":-0.011194348667129476,"upper_bound":-0.0033997750126918617},"point_estimate":-0.007164019970010149,"standard_error":0.0019913434680705424},"median":{"confidence_interval":{"confidence_level":0.95,"lower_bound":-0.009128455659997179,"upper_bound":0.0009934296276957635},"point_estimate":-0.004827746059389182,"standard_error":0.0021907407721452657}}