{"mean":{"confidence_interval":{"confidence_level":0.95,"lower_bound":-0.010777026750049972,"upper_bound":-0.005794171914291452},"point_estimate":-0.008176536819965108,"standard_error":0.0012701433201674187},"median":{"confidence_interval":{"confidence_level":0.95,"lower_bound":-0.009602437563204003,"upper_bound":-0.004659290593555299},"point_estimate":-0.007443941664112996,"standard_error":0.0012548742330992224}}