{"mean":{"confidence_interval":{"confidence_level":0.95,"lower_bound":-0.00190265187596117,"upper_bound":0.0023447423661423217},"point_estimate":0.00021985388164269537,"standard_error":0.0010744227854981422},"median":{"confidence_interval":{"confidence_level":0.95,"lower_bound":-0.0008701985200497697,"upper_bound":0.00444900894259348},"point_estimate":0.0020436931121803337,"standard_error":0.0013663045695946013}}