{"mean":{"confidence_interval":{"confidence_level":0.95,"lower_bound":-0.012994772287275335,"upper_bound":-0.009256418537984201},"point_estimate":-0.011111152293461046,"standard_error":0.0009534394517375926},"median":{"confidence_interval":{"confidence_level":0.95,"lower_bound":-0.013363285206592135,"upper_bound":-0.008599119502129549},"point_estimate":-0.011094282920005027,"standard_error":0.0012138880890482874}}